Model,Episodes,Reward_Mean,Reward_Std,Cost_Mean,Cost_Std,Reward (Mean ± Std),Cost (Mean ± Std)
PPO,50,23.680431,1.290453,15.0,16.737980762326142,23.68 ± 1.29,15.00 ± 16.74
PPOLag,50,14.439023,3.053218,11.46,14.023138022568274,14.44 ± 3.05,11.46 ± 14.02
