Model,Total_Seeds,Total_Episodes,Reward_Mean,Reward_Std,Cost_Mean,Cost_Std,Reward (Mean ± Std),Cost (Mean ± Std)
PPOLag_Cost0,3,150,14.778815,4.444141,5.86,10.730038831865118,14.78 ± 4.44,5.86 ± 10.73
PPOLag_Cost3,3,150,10.604248,9.05533,3.0533333333333332,14.851615699609548,10.60 ± 9.06,3.05 ± 14.85
PPOLag_Cost5,3,150,20.180841,4.397121,6.426666666666667,10.879550644315335,20.18 ± 4.40,6.43 ± 10.88
PPOLag_Cost10,3,150,16.489813,8.750096,7.006666666666667,18.024981430102937,16.49 ± 8.75,7.01 ± 18.02
